net,length_um
_0308_,301.95µm
_0743_,288.36µm
net45,274.18µm
_0313_,240.96µm
net47,238.5µm
_0291_,235.94µm
_0738_,228.46µm
net49,227.97µm
_0281_,222.62µm
_0394_,221.98µm
net51,218.82µm
clknet_2_2__leaf_clk_10mhz,211.52µm
_0300_,206.48µm
_0311_,204.52µm
_0310_,202.52µm
net37,201.88µm
clknet_2_1__leaf_clk_10mhz,200.08µm
_0733_,199.87µm
clknet_2_0__leaf_clk_10mhz,198.36µm
_0736_,197.5µm
_0712_,196.685µm
_0307_,195.85µm
_0279_,194.26µm
_0734_,189.84µm
clknet_2_3__leaf_clk_10mhz,180.62µm
_0302_,180.26µm
net42,177.1µm
_0303_,176.26µm
_0312_,171.85µm
clk_10mhz,170.87µm
net65,168.04µm
_0283_,167.7µm
_0309_,167.425µm
_0742_,166.93µm
net41,165.9µm
_0305_,165µm
_0282_,164.42µm
net26,163.18µm
_0285_,155.78µm
_0297_,155.565µm
_0306_,155.25µm
clknet_0_clk_10mhz,149.78µm
net44,146.74µm
_0298_,146.255µm
net25,143.18µm
_0741_,140.67µm
_0284_,138.64µm
net22,137.85µm
_0322_,135.53µm
_0474_,134.74µm
_0342_,131.16µm
net53,130.64µm
clknet_leaf_8_clk_10mhz,129.2µm
clknet_leaf_2_clk_10mhz,128.81µm
_0739_,126.43µm
net48,121.92µm
net39,120.22µm
net50,119.92µm
net14,115.5µm
net13,115.24µm
clknet_leaf_13_clk_10mhz,114.84µm
clknet_leaf_14_clk_10mhz,114.72µm
net57,114.03µm
net36,113.42µm
net64,111.87µm
net58,110.99µm
clknet_leaf_26_clk_10mhz,110.93µm
net46,110.26µm
net40,109.74µm
net61,109.05µm
net38,106.94µm
clknet_leaf_7_clk_10mhz,106.74µm
net43,104.66µm
net52,100.03µm
net9,99.92µm
net19,99.74µm
net12,99.7µm
net18,98.13µm
clknet_leaf_5_clk_10mhz,98.06µm
net54,96.72µm
net20,94.02µm
_0021_,92.58µm
u_srf_ctrl.echo_counter\[9\],92.02µm
u_max30102_ctrl.rst_n,90.88µm
net21,90.49µm
clknet_leaf_17_clk_10mhz,90.21µm
net16,90.09µm
clknet_leaf_15_clk_10mhz,90.06µm
clknet_leaf_12_clk_10mhz,89.36µm
net62,88.79µm
clknet_leaf_18_clk_10mhz,88.1µm
_0554_,88.02µm
clknet_leaf_10_clk_10mhz,87.86µm
u_srf_ctrl.state\[3\],86.5µm
net17,85.85µm
u_srf_ctrl.echo_counter\[11\],83.39µm
_0493_,82.5µm
net56,81.515µm
_0469_,80.46µm
clknet_leaf_16_clk_10mhz,80.46µm
net24,79.1µm
_0332_,78.9µm
clknet_leaf_27_clk_10mhz,78.84µm
net23,78.64µm
_0550_,78.56µm
clknet_leaf_11_clk_10mhz,77.92µm
net63,77.06µm
net4,76.5µm
fifo_din\[4\],76.34µm
_0709_,76.22µm
net27,75.86µm
net33,75.4µm
u_srf_ctrl.echo_counter\[10\],75.08µm
net15,74.93µm
clknet_leaf_22_clk_10mhz,74.6µm
_0372_,74.1µm
net30,73.84µm
_0320_,73.46µm
clknet_leaf_23_clk_10mhz,73.06µm
clknet_leaf_4_clk_10mhz,72.395µm
_0555_,71.82µm
net35,71.08µm
clknet_leaf_24_clk_10mhz,71.02µm
clknet_leaf_21_clk_10mhz,70.83µm
clknet_leaf_1_clk_10mhz,70.81µm
clknet_leaf_6_clk_10mhz,70.66µm
net29,70.06µm
_0318_,69.84µm
net60,68.82µm
_0391_,67.08µm
_0296_,67µm
clknet_leaf_9_clk_10mhz,66.64µm
clknet_leaf_25_clk_10mhz,66.095µm
u_srf_ctrl.echo_counter\[15\],63.92µm
net28,62.94µm
_0427_,61.89µm
_0475_,60.2µm
u_fifo.rd_ptr\[3\],59.74µm
clknet_leaf_19_clk_10mhz,58.58µm
net59,58.19µm
net34,58.12µm
_0346_,58.03µm
clknet_leaf_0_clk_10mhz,57.58µm
_0363_,56.6µm
net10,56.36µm
_0544_,56.18µm
net32,55.48µm
clknet_leaf_28_clk_10mhz,55.42µm
u_srf_ctrl.echo_counter\[4\],55.34µm
_0393_,54.76µm
u_srf_ctrl.echo_counter\[6\],53.96µm
net55,53.84µm
_0004_,53.66µm
_0383_,51.96µm
_0710_,51.46µm
_0317_,50.84µm
clknet_leaf_3_clk_10mhz,50.74µm
_0351_,49.64µm
u_srf_ctrl.echo_counter\[8\],49.24µm
u_fifo.rd_ptr\[1\],48.1µm
_0444_,47.75µm
u_srf_ctrl.state\[1\],47.68µm
_0713_,47.48µm
u_packet_assembler.state\[3\],47.26µm
u_srf_ctrl.echo_counter\[5\],46.96µm
clknet_leaf_20_clk_10mhz,46.68µm
_0382_,46.2µm
u_uart.bit_index\[0\],45.5µm
u_packet_assembler.timer\[10\],45.4µm
_0476_,45.2µm
_0360_,44.98µm
u_srf_ctrl.timer\[7\],44.98µm
_0552_,43.92µm
_0390_,43.76µm
_0358_,43.04µm
_0691_,42.96µm
u_packet_assembler.state\[1\],42.585µm
_0526_,42.44µm
_0339_,42.36µm
u_srf_ctrl.timer\[10\],42.11µm
u_packet_assembler.timer\[0\],42.02µm
u_packet_assembler.state\[0\],41.53µm
_0373_,41.36µm
net31,41.14µm
u_srf_ctrl.echo_counter\[1\],40.86µm
_0494_,40.72µm
u_srf_ctrl.echo_counter\[0\],40.62µm
u_srf_ctrl.state\[2\],40.57µm
u_packet_assembler.state\[2\],40.42µm
_0573_,40.38µm
u_srf_ctrl.timer\[15\],39.78µm
_0404_,39.66µm
u_packet_assembler.timer\[5\],39.36µm
_0563_,39.06µm
u_srf_ctrl.timer\[13\],38.76µm
_0352_,38.28µm
_0553_,38.09µm
_0331_,37.64µm
_0405_,37.34µm
_0477_,36.08µm
_0387_,35.94µm
u_srf_ctrl.timer\[5\],35.42µm
_0546_,34.87µm
u_srf_ctrl.timer\[4\],34.86µm
_0388_,34.68µm
u_packet_assembler.timer\[7\],34.64µm
_0717_,34.52µm
_0510_,34.16µm
u_max30102_ctrl.clk_div\[0\],33.8µm
u_srf_ctrl.timer\[14\],33.76µm
_0280_,33.6µm
_0683_,33.06µm
_0540_,32.66µm
_0678_,32.38µm
u_fifo.wr_ptr\[0\],31.89µm
u_fifo.wr_ptr\[3\],31.86µm
_0579_,31.6µm
_0406_,31.58µm
u_fifo.wr_ptr\[2\],31.58µm
fifo_wr_en,31.56µm
_0429_,31.54µm
u_srf_ctrl.timer\[3\],31.52µm
u_uart.bit_index\[2\],31.5µm
u_srf_ctrl.timer\[8\],31.42µm
u_packet_assembler.timer\[11\],31.28µm
u_packet_assembler.timer\[1\],31.14µm
_0509_,30.76µm
_0410_,30.7µm
_0711_,30.6µm
_0286_,30.52µm
u_srf_ctrl.echo_counter\[14\],30.34µm
_0459_,30.24µm
u_srf_ctrl.timer\[11\],30.08µm
_0516_,29.56µm
_0729_,29.4µm
net11,29.2µm
_0481_,29.02µm
_0532_,28.92µm
distance_out\[5\],28.74µm
_0527_,28.44µm
_0500_,28.42µm
_0567_,28.02µm
_0398_,27.9µm
u_max30102_ctrl.clk_div\[2\],27.88µm
_0426_,27.84µm
u_srf_ctrl.echo_counter\[2\],27.76µm
_0735_,27.74µm
u_srf_ctrl.timer\[9\],27.36µm
_0732_,27.32µm
u_srf_ctrl.timer\[16\],27.14µm
_0347_,26.76µm
_0538_,26.76µm
u_srf_ctrl.timer\[0\],26.4µm
_0329_,26.32µm
_0596_,26.3µm
_0648_,26.07µm
u_uart.tx_data_reg\[6\],25.9µm
_0740_,25.74µm
_0333_,25.48µm
_0561_,25.38µm
net224,25.2µm
u_fifo.mem\[4\]\[4\],25.06µm
u_fifo.wr_ptr\[1\],24.98µm
u_packet_assembler.timer\[8\],24.82µm
u_srf_ctrl.timer\[17\],24.56µm
u_uart.bit_index\[1\],24.46µm
u_max30102_ctrl.clk_div\[5\],24.28µm
u_uart.tx_data_reg\[1\],24.22µm
_0327_,24.1µm
_0502_,23.84µm
_0513_,23.84µm
_0491_,23.48µm
_0719_,23.38µm
u_max30102_ctrl.clk_div\[13\],23.34µm
u_fifo.mem\[5\]\[5\],23.22µm
_0699_,23.04µm
_0714_,22.925µm
u_packet_assembler.timer\[4\],22.84µm
u_fifo.mem\[2\]\[4\],22.8µm
_0452_,22.66µm
_0287_,22.52µm
u_packet_assembler.timer\[2\],22.36µm
_0536_,22.16µm
_0386_,22.12µm
u_fifo.mem\[14\]\[4\],22.065µm
u_fifo.mem\[13\]\[5\],22.045µm
u_fifo.mem\[6\]\[4\],22.04µm
_0737_,22µm
_0417_,21.97µm
u_srf_ctrl.timer\[6\],21.94µm
u_max30102_ctrl.clk_div\[1\],21.84µm
_0623_,21.76µm
_0650_,21.73µm
u_packet_assembler.timer\[14\],21.52µm
_0418_,21.5µm
u_srf_ctrl.echo_counter\[13\],21.5µm
_0588_,21.44µm
_0384_,21.38µm
_0632_,21.28µm
u_max30102_ctrl.clk_div\[4\],21.28µm
u_srf_ctrl.timer\[19\],21.22µm
_0715_,21.14µm
_0731_,21.12µm
u_max30102_ctrl.clk_div\[12\],21.12µm
u_fifo.mem\[1\]\[3\],21.08µm
_0728_,20.82µm
u_srf_ctrl.state\[0\],20.8µm
_0624_,20.5µm
_0645_,20.5µm
u_max30102_ctrl.clk_div\[11\],20.4µm
u_fifo.mem\[14\]\[6\],20.34µm
_0437_,20.32µm
_0727_,20.2µm
u_packet_assembler.timer\[9\],20.14µm
u_packet_assembler.timer\[12\],20.12µm
_0485_,20.02µm
_0542_,20µm
_0559_,19.84µm
u_packet_assembler.timer\[13\],19.84µm
_0321_,19.74µm
u_srf_ctrl.timer\[18\],19.72µm
u_srf_ctrl.timer\[1\],19.58µm
net211,19.54µm
_0461_,19.52µm
_0636_,19.46µm
_0257_,19.4µm
_0590_,19.36µm
_0362_,19.32µm
_0551_,19µm
_0024_,18.98µm
_0486_,18.98µm
net204,18.94µm
u_max30102_ctrl.clk_div\[7\],18.92µm
distance_out\[4\],18.86µm
_0646_,18.38µm
u_max30102_ctrl.clk_div\[10\],18.36µm
u_srf_ctrl.timer\[2\],18.36µm
u_srf_ctrl.timer\[12\],18.34µm
net71,18.2µm
_0337_,18.1µm
u_uart.clk_count\[3\],18.06µm
u_srf_ctrl.timer\[20\],18.02µm
_0664_,17.74µm
_0635_,17.7µm
_0722_,17.6µm
_0338_,17.52µm
_0548_,17.52µm
u_fifo.mem\[7\]\[0\],17.52µm
_0385_,17.48µm
u_srf_ctrl.echo_counter\[12\],17.32µm
u_uart.tx_data_reg\[3\],17.32µm
u_fifo.mem\[7\]\[4\],17.06µm
u_uart.clk_count\[7\],17.06µm
_0440_,16.94µm
u_fifo.mem\[9\]\[1\],16.78µm
_0364_,16.72µm
u_fifo.mem\[10\]\[3\],16.62µm
u_packet_assembler.timer\[15\],16.54µm
u_fifo.mem\[0\]\[5\],16.52µm
net214,16.44µm
u_fifo.mem\[4\]\[3\],16.4µm
u_max30102_ctrl.clk_div\[8\],16.06µm
u_uart.clk_count\[9\],16.06µm
u_fifo.mem\[1\]\[5\],16.04µm
_0630_,15.98µm
_0443_,15.96µm
u_uart.state\[0\],15.96µm
u_fifo.mem\[13\]\[7\],15.94µm
_0371_,15.92µm
u_fifo.mem\[9\]\[7\],15.86µm
u_uart.tx_data_reg\[5\],15.86µm
_0449_,15.74µm
_0657_,15.68µm
_0640_,15.57µm
_0570_,15.56µm
u_fifo.mem\[6\]\[6\],15.48µm
u_fifo.mem\[8\]\[0\],15.3µm
_0522_,15.26µm
_0654_,15.02µm
u_fifo.mem\[8\]\[2\],14.94µm
_0323_,14.92µm
_0730_,14.79µm
_0585_,14.68µm
u_uart.clk_count\[10\],14.6µm
u_fifo.mem\[4\]\[1\],14.545µm
_0336_,14.54µm
_0511_,14.46µm
_0726_,14.46µm
_0403_,14.42µm
u_packet_assembler.timer\[6\],14.375µm
u_fifo.mem\[5\]\[6\],14.36µm
_0608_,14.34µm
_0665_,14.3µm
u_max30102_ctrl.clk_div\[3\],14.26µm
u_fifo.mem\[1\]\[2\],14.22µm
_0612_,14.18µm
u_fifo.mem\[6\]\[2\],14.1µm
u_fifo.mem\[15\]\[5\],14.08µm
_0370_,14.06µm
u_uart.state\[1\],14.06µm
_0692_,14.04µm
i2c_sda,14.04µm
u_fifo.mem\[7\]\[3\],14µm
_0378_,13.9µm
u_fifo.mem\[14\]\[2\],13.9µm
u_uart.clk_count\[12\],13.9µm
_0420_,13.88µm
u_fifo.mem\[12\]\[3\],13.88µm
net96,13.86µm
u_fifo.mem\[11\]\[6\],13.845µm
u_max30102_ctrl.clk_div\[15\],13.84µm
_0557_,13.8µm
_0413_,13.76µm
u_fifo.mem\[6\]\[1\],13.72µm
_0350_,13.62µm
_0254_,13.56µm
_0631_,13.56µm
u_fifo.mem\[7\]\[1\],13.52µm
_0061_,13.5µm
u_fifo.mem\[9\]\[5\],13.48µm
_0450_,13.46µm
u_fifo.mem\[5\]\[1\],13.42µm
_0637_,13.4µm
u_fifo.mem\[8\]\[6\],13.4µm
_0483_,13.38µm
_0095_,13.34µm
u_srf_ctrl.echo_counter\[3\],13.32µm
u_fifo.mem\[9\]\[3\],13.265µm
u_fifo.mem\[5\]\[0\],13.26µm
_0521_,13.18µm
u_pmu.user_detected,13.12µm
_0607_,13.1µm
distance_out\[2\],13.1µm
u_fifo.mem\[1\]\[1\],13.08µm
_0643_,13.06µm
u_uart.clk_count\[0\],13.02µm
u_fifo.mem\[8\]\[4\],12.98µm
_0381_,12.96µm
_0660_,12.84µm
u_fifo.mem\[4\]\[6\],12.76µm
_0519_,12.74µm
u_uart.clk_count\[4\],12.68µm
u_fifo.mem\[2\]\[1\],12.66µm
_0707_,12.64µm
_0668_,12.62µm
u_fifo.mem\[4\]\[7\],12.62µm
_0628_,12.6µm
_0503_,12.58µm
u_fifo.mem\[2\]\[0\],12.58µm
u_fifo.mem\[5\]\[4\],12.54µm
_0658_,12.5µm
u_fifo.mem\[11\]\[3\],12.5µm
_0066_,12.46µm
_0577_,12.39µm
u_fifo.mem\[3\]\[5\],12.385µm
u_max30102_ctrl.clk_div\[9\],12.38µm
_0647_,12.34µm
_0454_,12.32µm
_0708_,12.3µm
_0263_,12.28µm
u_uart.tx_data_reg\[0\],12.2µm
_0425_,12.16µm
_0453_,12.14µm
net170,12.12µm
u_fifo.mem\[5\]\[7\],12.1µm
_0400_,12.08µm
i2c_scl,12.07µm
net267,12.06µm
u_fifo.mem\[2\]\[3\],12.02µm
_0614_,11.98µm
_0518_,11.96µm
_0041_,11.94µm
u_fifo.mem\[3\]\[0\],11.9µm
_0245_,11.82µm
_0704_,11.76µm
u_fifo.mem\[12\]\[7\],11.76µm
u_fifo.mem\[10\]\[4\],11.72µm
_0534_,11.68µm
_0492_,11.63µm
_0219_,11.625µm
_0465_,11.58µm
u_fifo.mem\[4\]\[2\],11.58µm
u_uart.clk_count\[1\],11.56µm
_0667_,11.46µm
u_fifo.mem\[3\]\[4\],11.42µm
u_uart.tx_data_reg\[4\],11.38µm
_0023_,11.34µm
_0560_,11.34µm
u_fifo.mem\[0\]\[3\],11.34µm
_0047_,11.32µm
u_uart.clk_count\[8\],11.32µm
net187,11.32µm
u_fifo.mem\[15\]\[0\],11.3µm
u_fifo.mem\[14\]\[7\],11.26µm
_0210_,11.2µm
u_fifo.mem\[1\]\[7\],11.18µm
_0478_,11.175µm
_0611_,11.16µm
_0438_,11.15µm
u_fifo.mem\[15\]\[4\],11.135µm
net7,11.12µm
_0294_,11.08µm
_0718_,11.08µm
_0644_,11.04µm
_0395_,11.02µm
net2,11µm
_0549_,10.98µm
u_fifo.mem\[13\]\[2\],10.975µm
_0634_,10.96µm
_0248_,10.92µm
u_fifo.mem\[8\]\[7\],10.92µm
_0599_,10.88µm
_0680_,10.84µm
_0349_,10.8µm
uart_tx_pin,10.78µm
_0697_,10.74µm
u_uart.tx_data_reg\[2\],10.73µm
u_fifo.mem\[1\]\[0\],10.7µm
u_fifo.mem\[5\]\[3\],10.6µm
u_fifo.mem\[14\]\[1\],10.56µm
u_max30102_ctrl.clk_div\[14\],10.54µm
u_fifo.mem\[11\]\[7\],10.5µm
u_uart.clk_count\[5\],10.5µm
net237,10.5µm
_0507_,10.38µm
_0064_,10.36µm
u_fifo.mem\[12\]\[4\],10.36µm
u_fifo.mem\[14\]\[3\],10.34µm
_0150_,10.325µm
_0672_,10.32µm
led_status[0],10.32µm
u_fifo.mem\[7\]\[7\],10.32µm
_0330_,10.28µm
u_packet_assembler.timer\[19\],10.28µm
u_packet_assembler.timer\[3\],10.24µm
u_fifo.mem\[8\]\[5\],10.16µm
_0462_,10.12µm
_0175_,10.105µm
_0525_,10.1µm
_0092_,10.06µm
u_fifo.mem\[9\]\[2\],9.96µm
_0605_,9.92µm
_0192_,9.905µm
_0328_,9.9µm
_0423_,9.9µm
u_packet_assembler.timer\[18\],9.84µm
_0504_,9.82µm
u_uart.tx_data_reg\[7\],9.82µm
_0084_,9.74µm
_0295_,9.74µm
_0690_,9.74µm
u_fifo.mem\[12\]\[0\],9.74µm
u_fifo.mem\[12\]\[5\],9.74µm
_0037_,9.725µm
_0529_,9.7µm
_0724_,9.7µm
_0343_,9.68µm
_0057_,9.64µm
net213,9.62µm
_0499_,9.58µm
u_fifo.mem\[10\]\[1\],9.58µm
u_fifo.mem\[9\]\[0\],9.58µm
_0247_,9.54µm
_0721_,9.54µm
net264,9.54µm
_0080_,9.52µm
u_fifo.mem\[13\]\[6\],9.5µm
u_fifo.mem\[0\]\[6\],9.46µm
u_fifo.mem\[2\]\[7\],9.46µm
u_fifo.mem\[3\]\[1\],9.455µm
u_uart.clk_count\[2\],9.44µm
net162,9.4µm
u_fifo.mem\[15\]\[3\],9.36µm
_0301_,9.34µm
_0042_,9.28µm
_0447_,9.28µm
_0584_,9.24µm
_0367_,9.2µm
_0070_,9.185µm
_0063_,9.18µm
_0068_,9.18µm
_0663_,9.16µm
_0720_,9.12µm
u_max30102_ctrl.clk_div\[6\],9.12µm
u_packet_assembler.timer\[16\],9.12µm
_0670_,9.1µm
u_fifo.mem\[14\]\[5\],9.04µm
_0419_,9.02µm
u_max30102_ctrl.scl_internal,9.01µm
_0324_,8.98µm
_0366_,8.96µm
_0539_,8.96µm
distance_out\[0\],8.96µm
led_status[2],8.96µm
pwr_ctrl,8.96µm
_0249_,8.9µm
net98,8.9µm
net121,8.9µm
net233,8.9µm
net184,8.84µm
_0020_,8.82µm
_0533_,8.82µm
_0638_,8.82µm
u_fifo.mem\[10\]\[2\],8.82µm
_0488_,8.8µm
u_fifo.mem\[3\]\[2\],8.785µm
_0409_,8.78µm
_0603_,8.78µm
u_srf_ctrl.echo_counter\[7\],8.78µm
_0609_,8.7µm
_0376_,8.62µm
_0702_,8.62µm
net215,8.6µm
_0468_,8.58µm
net178,8.56µm
_0535_,8.54µm
u_fifo.mem\[12\]\[6\],8.54µm
_0275_,8.52µm
_0600_,8.5µm
u_fifo.mem\[10\]\[0\],8.5µm
net118,8.5µm
_0675_,8.48µm
_0562_,8.44µm
u_fifo.mem\[5\]\[2\],8.44µm
u_uart.clk_count\[13\],8.44µm
net221,8.44µm
u_fifo.mem\[11\]\[5\],8.415µm
_0356_,8.4µm
_0375_,8.4µm
_0671_,8.4µm
_0687_,8.4µm
_0696_,8.38µm
net259,8.38µm
_0110_,8.365µm
_0501_,8.36µm
_0048_,8.28µm
_0265_,8.26µm
_0565_,8.24µm
_0604_,8.24µm
_0214_,8.16µm
_0000_,8.14µm
net269,8.14µm
_0723_,8.06µm
_0315_,8.04µm
_0601_,8.04µm
_0642_,7.98µm
_0653_,7.98µm
_0369_,7.96µm
_0480_,7.94µm
_0431_,7.9µm
_0705_,7.9µm
u_packet_assembler.timer\[23\],7.9µm
_0008_,7.885µm
net126,7.88µm
u_fifo.mem\[4\]\[5\],7.86µm
_0354_,7.84µm
u_fifo.mem\[13\]\[0\],7.84µm
net93,7.84µm
_0040_,7.82µm
_0260_,7.82µm
net101,7.8µm
u_fifo.mem\[2\]\[5\],7.78µm
u_fifo.mem\[8\]\[1\],7.76µm
_0421_,7.72µm
_0523_,7.7µm
_0027_,7.68µm
_0253_,7.68µm
u_srf_ctrl.echo_sync_0,7.68µm
net248,7.68µm
net256,7.68µm
_0669_,7.64µm
_0319_,7.6µm
_0470_,7.56µm
_0496_,7.56µm
_0622_,7.56µm
u_fifo.mem\[2\]\[2\],7.56µm
net151,7.56µm
net241,7.56µm
net246,7.56µm
net260,7.54µm
u_fifo.mem\[15\]\[6\],7.52µm
_0689_,7.46µm
net216,7.46µm
u_fifo.mem\[11\]\[4\],7.44µm
net80,7.42µm
net107,7.42µm
u_packet_assembler.timer\[21\],7.4µm
_0412_,7.34µm
net249,7.34µm
_0299_,7.32µm
_0515_,7.32µm
_0626_,7.32µm
u_fifo.mem\[0\]\[4\],7.32µm
u_packet_assembler.timer\[20\],7.3µm
_0495_,7.24µm
net254,7.24µm
fifo_dout\[6\],7.22µm
u_fifo.mem\[1\]\[4\],7.2µm
_0617_,7.18µm
u_fifo.mem\[6\]\[0\],7.18µm
u_fifo.mem\[11\]\[1\],7.16µm
_0676_,7.14µm
_0662_,7.12µm
_0415_,7.1µm
_0688_,7.1µm
fifo_din\[2\],7.1µm
u_fifo.mem\[6\]\[7\],7.1µm
net124,7.1µm
net143,7.1µm
_0359_,7µm
u_fifo.mem\[12\]\[2\],6.98µm
u_fifo.mem\[13\]\[4\],6.98µm
u_fifo.mem\[2\]\[6\],6.98µm
net280,6.98µm
_0592_,6.94µm
_0377_,6.92µm
_0086_,6.88µm
_0402_,6.88µm
_0580_,6.88µm
net97,6.88µm
_0079_,6.86µm
_0460_,6.86µm
_0128_,6.825µm
_0344_,6.78µm
_0505_,6.78µm
_0030_,6.76µm
_0278_,6.76µm
u_fifo.mem\[9\]\[6\],6.76µm
_0659_,6.74µm
_0661_,6.74µm
u_fifo.mem\[0\]\[7\],6.74µm
_0093_,6.72µm
_0314_,6.72µm
_0436_,6.72µm
_0472_,6.72µm
_0666_,6.72µm
net203,6.72µm
_0170_,6.705µm
u_fifo.mem\[4\]\[0\],6.695µm
_0564_,6.66µm
_0227_,6.645µm
_0700_,6.64µm
u_fifo.mem\[10\]\[7\],6.64µm
net146,6.64µm
net179,6.64µm
_0703_,6.62µm
_0530_,6.6µm
u_uart.clk_count\[6\],6.6µm
net87,6.6µm
net89,6.6µm
net157,6.5µm
u_fifo.mem\[6\]\[5\],6.495µm
u_fifo.rd_ptr\[4\],6.48µm
_0146_,6.465µm
_0652_,6.46µm
_0684_,6.44µm
net154,6.42µm
net243,6.42µm
_0034_,6.4µm
distance_out\[1\],6.4µm
u_fifo.mem\[15\]\[7\],6.4µm
net173,6.4µm
_0655_,6.39µm
_0273_,6.38µm
_0618_,6.38µm
net266,6.38µm
_0162_,6.365µm
_0230_,6.365µm
_0695_,6.32µm
_0002_,6.3µm
u_fifo.mem\[15\]\[2\],6.3µm
net177,6.3µm
u_fifo.mem\[0\]\[1\],6.28µm
u_fifo.mem\[1\]\[6\],6.265µm
_0374_,6.26µm
_0446_,6.26µm
_0479_,6.26µm
_0625_,6.26µm
_0152_,6.225µm
_0204_,6.225µm
net234,6.2µm
_0482_,6.18µm
net5,6.18µm
net140,6.18µm
net198,6.18µm
_0547_,6.16µm
u_fifo.mem\[7\]\[5\],6.16µm
_0212_,6.14µm
net99,6.14µm
net136,6.14µm
net137,6.08µm
net163,6.08µm
net180,6.08µm
_0586_,6.06µm
u_fifo.mem\[3\]\[3\],6.06µm
net158,6.06µm
net134,6.04µm
net275,5.98µm
_0246_,5.94µm
_0289_,5.94µm
_0487_,5.94µm
distance_out\[3\],5.94µm
u_fifo.mem\[10\]\[5\],5.94µm
u_fifo.mem\[10\]\[6\],5.94µm
u_fifo.mem\[7\]\[6\],5.94µm
u_srf_ctrl.echo_sync_1,5.94µm
net6,5.94µm
_0434_,5.92µm
_0574_,5.92µm
_0191_,5.865µm
_0097_,5.86µm
_0455_,5.86µm
_0589_,5.86µm
_0137_,5.845µm
_0167_,5.845µm
_0272_,5.84µm
_0458_,5.84µm
net191,5.84µm
fifo_dout\[0\],5.82µm
_0077_,5.8µm
net278,5.8µm
_0290_,5.74µm
_0673_,5.74µm
fifo_rd_en,5.74µm
_0531_,5.72µm
_0575_,5.72µm
_0629_,5.72µm
fifo_din\[1\],5.72µm
u_fifo.mem\[9\]\[4\],5.72µm
u_fifo.mem\[8\]\[3\],5.7µm
_0572_,5.68µm
_0681_,5.68µm
net68,5.68µm
net135,5.68µm
net171,5.68µm
net239,5.68µm
_0072_,5.645µm
_0138_,5.645µm
_0226_,5.62µm
net141,5.62µm
net147,5.62µm
net149,5.62µm
_0123_,5.605µm
_0270_,5.6µm
_0569_,5.6µm
_0528_,5.58µm
net95,5.58µm
net115,5.58µm
net128,5.58µm
_0043_,5.56µm
u_uart.clk_count\[11\],5.48µm
_0677_,5.46µm
_0520_,5.4µm
fifo_din\[3\],5.4µm
u_uart.busy,5.4µm
_0033_,5.38µm
_0039_,5.38µm
_0056_,5.38µm
_0258_,5.38µm
_0399_,5.38µm
u_fifo.mem\[0\]\[2\],5.38µm
net274,5.38µm
_0610_,5.36µm
_0656_,5.36µm
_0240_,5.34µm
_0316_,5.34µm
fifo_din\[7\],5.34µm
net166,5.34µm
_0105_,5.305µm
_0189_,5.305µm
rst_n,5.29µm
u_fifo.mem\[3\]\[7\],5.285µm
_0407_,5.28µm
_0593_,5.26µm
_0651_,5.26µm
net183,5.26µm
_0325_,5.22µm
_0430_,5.22µm
net117,5.22µm
_0119_,5.165µm
_0143_,5.165µm
net94,5.16µm
net66,5.14µm
net129,5.14µm
net111,5.12µm
net193,5.12µm
_0117_,5.085µm
_0158_,5.085µm
led_status[1],5.07µm
srf_trig,5.07µm
_0036_,5.04µm
_0045_,5.04µm
_0266_,5.04µm
net8,5.03µm
u_fifo.mem\[14\]\[0\],5.025µm
u_fifo.mem\[11\]\[2\],5.02µm
u_fifo.mem\[12\]\[1\],5.02µm
u_fifo.mem\[3\]\[6\],5.02µm
net138,5µm
net225,5µm
_0304_,4.94µm
_0582_,4.94µm
_0627_,4.94µm
net268,4.94µm
_0010_,4.92µm
_0035_,4.92µm
_0401_,4.92µm
_0467_,4.92µm
_0517_,4.92µm
_0602_,4.92µm
_0613_,4.92µm
net85,4.92µm
_0050_,4.88µm
_0292_,4.88µm
_0368_,4.88µm
_0456_,4.88µm
_0597_,4.88µm
_0685_,4.88µm
fifo_dout\[7\],4.88µm
net195,4.88µm
net235,4.88µm
_0099_,4.845µm
_0106_,4.845µm
_0108_,4.845µm
_0149_,4.845µm
_0380_,4.82µm
u_fifo.mem\[11\]\[0\],4.82µm
u_fifo.mem\[13\]\[1\],4.82µm
u_fifo.mem\[13\]\[3\],4.82µm
_0451_,4.8µm
_0641_,4.8µm
net79,4.8µm
net201,4.8µm
u_fifo.rd_ptr\[2\],4.76µm
net153,4.7µm
net161,4.7µm
_0074_,4.625µm
_0155_,4.625µm
_0156_,4.625µm
_0222_,4.625µm
_0232_,4.625µm
srf_echo,4.61µm
net120,4.6µm
net139,4.6µm
net244,4.6µm
_0171_,4.585µm
_0012_,4.58µm
_0239_,4.58µm
_0262_,4.58µm
u_fifo.rd_ptr\[0\],4.58µm
net75,4.58µm
_0490_,4.54µm
_0396_,4.48µm
_0432_,4.48µm
_0576_,4.48µm
_0621_,4.48µm
_0089_,4.46µm
fifo_dout\[1\],4.46µm
u_fifo.mem\[6\]\[3\],4.46µm
_0414_,4.44µm
_0361_,4.42µm
_0445_,4.42µm
_0706_,4.42µm
fifo_dout\[2\],4.42µm
fifo_dout\[5\],4.42µm
_0649_,4.36µm
_0026_,4.34µm
_0081_,4.34µm
_0348_,4.34µm
_0424_,4.34µm
_0591_,4.34µm
_0619_,4.34µm
u_fifo.mem\[7\]\[2\],4.34µm
net125,4.34µm
net196,4.34µm
net202,4.34µm
net272,4.34µm
net76,4.24µm
net148,4.24µm
net220,4.24µm
_0411_,4.22µm
_0541_,4.22µm
net279,4.22µm
_0457_,4.2µm
_0116_,4.165µm
_0120_,4.165µm
_0132_,4.165µm
_0144_,4.165µm
_0334_,4.14µm
_0408_,4.14µm
_0293_,4.12µm
_0693_,4.08µm
_0225_,4.045µm
_0392_,4.02µm
_0397_,4.02µm
_0238_,4µm
_0268_,4µm
_0682_,4µm
net1,4µm
net159,4µm
net229,4µm
net238,4µm
_0194_,3.925µm
_0206_,3.925µm
_0326_,3.88µm
_0498_,3.88µm
_0508_,3.88µm
_0537_,3.88µm
_0568_,3.88µm
fifo_din\[0\],3.88µm
net3,3.88µm
net231,3.88µm
net240,3.88µm
_0221_,3.78µm
_0223_,3.78µm
net77,3.78µm
net84,3.78µm
net131,3.78µm
net182,3.78µm
net197,3.78µm
net200,3.78µm
net228,3.78µm
_0019_,3.76µm
_0096_,3.76µm
_0215_,3.76µm
u_fifo.wr_ptr\[4\],3.76µm
net86,3.76µm
_0003_,3.685µm
_0686_,3.68µm
net208,3.68µm
net257,3.68µm
net276,3.68µm
_0044_,3.66µm
_0701_,3.66µm
u_fifo.mem\[15\]\[1\],3.64µm
_0416_,3.6µm
_0578_,3.56µm
_0679_,3.56µm
_0049_,3.54µm
_0244_,3.54µm
_0616_,3.54µm
_0694_,3.54µm
net232,3.54µm
net273,3.54µm
_0102_,3.465µm
_0114_,3.465µm
_0115_,3.465µm
_0118_,3.465µm
_0126_,3.465µm
_0130_,3.465µm
_0133_,3.465µm
_0140_,3.465µm
_0151_,3.465µm
_0154_,3.465µm
_0159_,3.465µm
_0180_,3.465µm
_0183_,3.465µm
_0187_,3.465µm
_0229_,3.465µm
_0379_,3.44µm
_0435_,3.44µm
_0583_,3.44µm
_0028_,3.42µm
_0085_,3.42µm
_0543_,3.42µm
net108,3.42µm
net172,3.42µm
net192,3.42µm
net242,3.42µm
_0125_,3.345µm
_0139_,3.345µm
_0148_,3.345µm
_0220_,3.32µm
net194,3.32µm
u_packet_assembler.timer\[17\],3.3µm
_0107_,3.245µm
_0127_,3.245µm
_0190_,3.245µm
_0198_,3.245µm
_0448_,3.22µm
_0514_,3.22µm
net144,3.22µm
_0082_,3.2µm
_0091_,3.2µm
_0216_,3.2µm
_0255_,3.2µm
_0259_,3.2µm
_0264_,3.2µm
_0489_,3.18µm
_0633_,3.18µm
_0236_,3.165µm
_0075_,3.145µm
_0234_,3.145µm
_0233_,3.125µm
_0271_,3.1µm
_0442_,3.1µm
_0674_,3.1µm
net262,3.1µm
_0001_,3.08µm
_0016_,3.08µm
_0065_,3.08µm
_0078_,3.08µm
_0241_,3.08µm
_0277_,3.08µm
_0340_,3.08µm
_0355_,3.08µm
_0466_,3.08µm
_0620_,3.08µm
net70,3.08µm
net88,3.08µm
net245,3.08µm
net255,3.08µm
_0176_,3.045µm
_0071_,3.005µm
_0100_,3.005µm
_0168_,3.005µm
_0172_,3.005µm
_0182_,3.005µm
_0184_,3.005µm
_0201_,3.005µm
_0009_,2.98µm
_0566_,2.98µm
_0439_,2.96µm
_0484_,2.96µm
_0698_,2.96µm
fifo_dout\[3\],2.96µm
_0104_,2.885µm
_0195_,2.88µm
net109,2.86µm
_0217_,2.84µm
_0267_,2.84µm
net67,2.84µm
_0111_,2.835µm
_0112_,2.785µm
_0134_,2.785µm
_0141_,2.785µm
_0173_,2.785µm
_0197_,2.785µm
_0203_,2.785µm
_0208_,2.785µm
_0235_,2.785µm
_0005_,2.76µm
net112,2.76µm
net150,2.76µm
net209,2.76µm
net210,2.76µm
net222,2.76µm
net247,2.76µm
net253,2.76µm
_0088_,2.74µm
_0242_,2.74µm
_0252_,2.74µm
_0256_,2.74µm
net152,2.74µm
_0163_,2.715µm
_0179_,2.715µm
_0199_,2.715µm
_0473_,2.68µm
_0186_,2.665µm
_0428_,2.64µm
_0587_,2.64µm
_0007_,2.62µm
_0013_,2.62µm
_0029_,2.62µm
_0031_,2.62µm
_0058_,2.62µm
_0062_,2.62µm
_0237_,2.62µm
_0365_,2.62µm
_0512_,2.62µm
u_packet_assembler.timer\[22\],2.62µm
net185,2.62µm
_0135_,2.585µm
_0174_,2.585µm
_0202_,2.585µm
_0205_,2.585µm
_0073_,2.545µm
_0142_,2.545µm
_0145_,2.545µm
_0160_,2.545µm
_0169_,2.545µm
_0335_,2.5µm
_0345_,2.5µm
_0433_,2.5µm
_0471_,2.5µm
_0497_,2.5µm
fifo_din\[5\],2.5µm
_0164_,2.485µm
_0165_,2.485µm
_0046_,2.465µm
net90,2.4µm
net100,2.4µm
net104,2.4µm
net127,2.4µm
net188,2.4µm
_0178_,2.375µm
_0103_,2.325µm
_0109_,2.325µm
_0113_,2.325µm
_0121_,2.325µm
_0129_,2.325µm
_0136_,2.325µm
_0181_,2.325µm
_0185_,2.325µm
_0188_,2.325µm
_0207_,2.325µm
_0209_,2.325µm
_0228_,2.325µm
_0059_,2.3µm
_0441_,2.3µm
_0598_,2.3µm
_0606_,2.3µm
net73,2.3µm
net74,2.3µm
net78,2.3µm
net81,2.3µm
net82,2.3µm
net83,2.3µm
net91,2.3µm
net92,2.3µm
net102,2.3µm
net103,2.3µm
net105,2.3µm
net106,2.3µm
net110,2.3µm
net113,2.3µm
net114,2.3µm
net116,2.3µm
net119,2.3µm
net122,2.3µm
net132,2.3µm
net133,2.3µm
net142,2.3µm
net145,2.3µm
net169,2.3µm
net175,2.3µm
net176,2.3µm
net181,2.3µm
net186,2.3µm
net190,2.3µm
net205,2.3µm
net206,2.3µm
net212,2.3µm
net218,2.3µm
net226,2.3µm
net251,2.3µm
_0053_,2.28µm
_0055_,2.28µm
_0090_,2.28µm
_0745_,2.28µm
_0094_,2.18µm
_0213_,2.18µm
_0052_,2.16µm
_0060_,2.16µm
_0571_,2.16µm
_0594_,2.16µm
_0595_,2.16µm
_0716_,2.16µm
u_fifo.mem\[0\]\[0\],2.16µm
net69,2.16µm
net155,2.16µm
net219,2.16µm
_0069_,2.125µm
_0166_,2.125µm
_0157_,2.085µm
_0251_,2.04µm
_0288_,2.04µm
_0357_,2.04µm
_0556_,2.04µm
_0725_,2.04µm
net72,2.04µm
net207,2.04µm
_0101_,2.025µm
_0147_,2.025µm
net123,1.94µm
net174,1.94µm
_0076_,1.865µm
_0098_,1.865µm
_0122_,1.865µm
_0124_,1.865µm
_0153_,1.865µm
_0161_,1.865µm
_0193_,1.865µm
_0196_,1.865µm
_0200_,1.865µm
_0224_,1.865µm
_0231_,1.865µm
_0250_,1.845µm
_0006_,1.84µm
_0011_,1.84µm
_0015_,1.84µm
_0422_,1.84µm
net156,1.84µm
net160,1.84µm
net164,1.84µm
net165,1.84µm
net167,1.84µm
net168,1.84µm
net199,1.84µm
net252,1.84µm
net277,1.84µm
_0017_,1.82µm
_0025_,1.82µm
_0032_,1.82µm
_0051_,1.82µm
_0087_,1.82µm
_0211_,1.82µm
_0261_,1.82µm
_0269_,1.82µm
_0276_,1.82µm
_0022_,1.745µm
_0558_,1.72µm
fifo_din\[6\],1.72µm
net261,1.72µm
_0014_,1.7µm
_0018_,1.7µm
_0038_,1.7µm
_0067_,1.7µm
_0243_,1.7µm
_0274_,1.7µm
_0353_,1.7µm
_0389_,1.7µm
_0506_,1.7µm
_0083_,1.545µm
_0131_,1.405µm
_0177_,1.405µm
_0463_,1.38µm
_0524_,1.38µm
net223,1.38µm
net265,1.38µm
net270,1.38µm
net281,1.38µm
_0054_,1.36µm
_0218_,1.36µm
_0545_,1.36µm
_0464_,1.14µm
_0639_,1.14µm
net130,1.02µm
net189,1.02µm
_0615_,0.92µm
net230,0.92µm
_0341_,0.8µm
_0581_,0.8µm
fifo_dout\[4\],0.8µm
net227,0.8µm
net217,0.46µm
net236,0.46µm
net250,0.46µm
net258,0.46µm
net263,0.46µm
net271,0.46µm
